1,59,Sudan,625,70,Central African Republic,482,"[0,379)"
2,59,Sudan,625,167,"Congo, DRC",490,"[0,379)"
3,59,Sudan,625,235,Uganda,500,"[0,379)"
4,59,Sudan,625,237,Kenya,501,"[0,379)"
5,59,Sudan,625,191,Ethiopia,530,"[0,161)"
6,59,Sudan,625,213,Libya,620,"[0,379)"
7,59,Sudan,625,57,Ethiopia,530,"[161,379)"
8,59,Sudan,625,222,Egypt,651,"[0,379)"
9,59,Sudan,625,56,Eritrea,531,"[161,379)"
10,59,Sudan,625,214,Chad,483,"[0,379)"
11,4,Venezuela,101,28,Colombia,100,"[0,612)"
12,4,Venezuela,101,1,Guyana,110,"[0,612)"
13,4,Venezuela,101,9,Brazil,140,"[0,612)"
14,13,Peru,135,28,Colombia,100,"[0,612)"
15,13,Peru,135,8,Bolivia,145,"[0,612)"
16,13,Peru,135,9,Brazil,140,"[0,612)"
17,13,Peru,135,10,Chile,155,"[0,612)"
18,13,Peru,135,11,Ecuador,130,"[0,612)"
19,218,Israel,666,62,Jordan,663,"[0,612)"
20,218,Israel,666,94,Lebanon,660,"[0,612)"
21,218,Israel,666,222,Egypt,651,"[0,612)"
22,218,Israel,666,220,Syria,652,"[0,612)"
23,191,Ethiopia,530,120,Somalia,520,"[0,161)"
24,191,Ethiopia,530,237,Kenya,501,"[0,161)"
25,191,Ethiopia,530,59,Sudan,625,"[0,161)"
26,191,Ethiopia,530,55,Djibouti,522,"[0,161)"
27,192,South Africa,560,157,Zambia,551,"[0,123)"
28,192,South Africa,560,162,Mozambique,541,"[0,123)"
29,192,South Africa,560,165,Angola,540,"[0,123)"
30,192,South Africa,560,164,Swaziland,572,"[0,123)"
31,192,South Africa,560,160,Lesotho,570,"[0,123)"
32,192,South Africa,560,154,Botswana,571,"[0,123)"
33,192,South Africa,560,158,Zimbabwe,552,"[0,123)"
34,236,Tanzania,510,157,Zambia,551,"[0,193)"
35,236,Tanzania,510,162,Mozambique,541,"[0,193)"
36,236,Tanzania,510,167,"Congo, DRC",490,"[0,193)"
37,236,Tanzania,510,155,Burundi,516,"[0,193)"
38,236,Tanzania,510,156,Rwanda,517,"[0,193)"
39,236,Tanzania,510,235,Uganda,500,"[0,193)"
40,236,Tanzania,510,161,Malawi,553,"[0,193)"
41,236,Tanzania,510,237,Kenya,501,"[0,193)"
42,247,Yugoslavia,345,85,Italy,325,"[143,148)"
43,247,Yugoslavia,345,86,Macedonia,343,"[143,148)"
44,247,Yugoslavia,345,82,Albania,339,"[143,148)"
45,247,Yugoslavia,345,89,Bulgaria,355,"[143,148)"
46,247,Yugoslavia,345,97,Austria,305,"[143,148)"
47,247,Yugoslavia,345,100,Hungary,310,"[143,148)"
48,247,Yugoslavia,345,116,Romania,360,"[143,148)"
49,74,Benin,434,47,Burkina Faso,439,"[0,612)"
50,74,Benin,434,81,Togo,461,"[0,612)"
51,74,Benin,434,78,Niger,436,"[0,612)"
52,74,Benin,434,79,Nigeria,475,"[0,612)"
53,68,Andorra,232,46,Spain,230,"[0,612)"
54,68,Andorra,232,105,France,220,"[0,612)"
55,72,Monaco,221,105,France,220,"[0,612)"
56,7,Argentina,160,8,Bolivia,145,"[0,612)"
57,7,Argentina,160,9,Brazil,140,"[0,612)"
58,7,Argentina,160,10,Chile,155,"[0,612)"
59,7,Argentina,160,12,Paraguay,150,"[0,612)"
60,7,Argentina,160,14,Uruguay,165,"[0,612)"
61,8,Bolivia,145,13,Peru,135,"[0,612)"
62,8,Bolivia,145,7,Argentina,160,"[0,612)"
63,8,Bolivia,145,9,Brazil,140,"[0,612)"
64,8,Bolivia,145,10,Chile,155,"[0,612)"
65,8,Bolivia,145,12,Paraguay,150,"[0,612)"
66,220,Syria,652,62,Jordan,663,"[0,612)"
67,220,Syria,652,60,Iraq,645,"[0,612)"
68,220,Syria,652,94,Lebanon,660,"[0,612)"
69,220,Syria,652,96,Turkey,640,"[0,612)"
70,220,Syria,652,218,Israel,666,"[0,612)"
71,231,Montenegro,341,84,Croatia,344,"[318,612)"
72,231,Montenegro,341,230,Serbia,340,"[318,338)"
73,231,Montenegro,341,232,Kosovo,347,"[338,612)"
74,231,Montenegro,341,82,Albania,339,"[318,612)"
75,231,Montenegro,341,83,Bosnia and Herzegovina,346,"[318,612)"
76,231,Montenegro,341,233,Serbia,340,"[338,612)"
77,185,Germany Federal Republic,260,99,Denmark,390,"[0,130)"
78,185,Germany Federal Republic,260,105,France,220,"[0,130)"
79,185,Germany Federal Republic,260,108,Netherlands,210,"[0,130)"
80,185,Germany Federal Republic,260,186,Germany Democratic Republic,265,"[0,130)"
81,185,Germany Federal Republic,260,187,Czechoslovakia,315,"[0,130)"
82,185,Germany Federal Republic,260,107,Luxembourg,212,"[0,130)"
83,185,Germany Federal Republic,260,97,Austria,305,"[0,130)"
84,185,Germany Federal Republic,260,104,Belgium,211,"[0,130)"
85,185,Germany Federal Republic,260,109,Switzerland,225,"[0,130)"
86,186,Germany Democratic Republic,265,101,Poland,290,"[0,130)"
87,186,Germany Democratic Republic,265,185,Germany Federal Republic,260,"[0,130)"
88,186,Germany Democratic Republic,265,187,Czechoslovakia,315,"[0,130)"
89,39,United Kingdom,200,38,Ireland,205,"[0,612)"
90,187,Czechoslovakia,315,250,USSR,365,"[140,141)"
91,187,Czechoslovakia,315,252,USSR,365,"[141,142)"
92,187,Czechoslovakia,315,253,USSR,365,"[142,143)"
93,187,Czechoslovakia,315,101,Poland,290,"[0,156)"
94,187,Czechoslovakia,315,184,Germany,260,"[130,156)"
95,187,Czechoslovakia,315,185,Germany Federal Republic,260,"[0,130)"
96,187,Czechoslovakia,315,186,Germany Democratic Republic,265,"[0,130)"
97,187,Czechoslovakia,315,189,USSR,365,"[0,140)"
98,187,Czechoslovakia,315,97,Austria,305,"[0,156)"
99,187,Czechoslovakia,315,100,Hungary,310,"[0,156)"
100,187,Czechoslovakia,315,117,Ukraine,369,"[144,156)"
101,189,USSR,365,128,Iran,630,"[0,140)"
102,189,USSR,365,101,Poland,290,"[0,140)"
103,189,USSR,365,112,Finland,375,"[0,140)"
104,189,USSR,365,133,Afghanistan,700,"[0,140)"
105,189,USSR,365,187,Czechoslovakia,315,"[0,140)"
106,189,USSR,365,58,Mongolia,712,"[0,140)"
107,189,USSR,365,64,Norway,385,"[0,140)"
108,189,USSR,365,96,Turkey,640,"[0,140)"
109,189,USSR,365,100,Hungary,310,"[0,140)"
110,189,USSR,365,116,Romania,360,"[0,140)"
111,189,USSR,365,199,China,710,"[0,140)"
112,189,USSR,365,143,North Korea,731,"[0,140)"
113,196,Yemen Arab Republic,678,197,Yemen People's Republic,680,"[0,125)"
114,196,Yemen Arab Republic,678,239,Saudi Arabia,670,"[0,125)"
115,227,Serbia and Montenegro,345,84,Croatia,344,"[148,318)"
116,227,Serbia and Montenegro,345,86,Macedonia,343,"[148,318)"
117,227,Serbia and Montenegro,345,82,Albania,339,"[148,318)"
118,227,Serbia and Montenegro,345,83,Bosnia and Herzegovina,346,"[148,318)"
119,227,Serbia and Montenegro,345,89,Bulgaria,355,"[148,318)"
120,227,Serbia and Montenegro,345,100,Hungary,310,"[148,318)"
121,227,Serbia and Montenegro,345,116,Romania,360,"[148,318)"
122,230,Serbia,340,84,Croatia,344,"[318,338)"
123,230,Serbia,340,86,Macedonia,343,"[318,338)"
124,230,Serbia,340,82,Albania,339,"[318,338)"
125,230,Serbia,340,83,Bosnia and Herzegovina,346,"[318,338)"
126,230,Serbia,340,89,Bulgaria,355,"[318,338)"
127,230,Serbia,340,100,Hungary,310,"[318,338)"
128,230,Serbia,340,116,Romania,360,"[318,338)"
129,230,Serbia,340,231,Montenegro,341,"[318,338)"
130,240,Yemen,678,239,Saudi Arabia,670,"[125,246)"
131,240,Yemen,678,119,Oman,698,"[125,246)"
132,239,Saudi Arabia,670,197,Yemen People's Republic,680,"[0,125)"
133,239,Saudi Arabia,670,196,Yemen Arab Republic,678,"[0,125)"
134,239,Saudi Arabia,670,240,Yemen,678,"[125,246)"
135,239,Saudi Arabia,670,62,Jordan,663,"[0,246)"
136,239,Saudi Arabia,670,60,Iraq,645,"[0,246)"
137,239,Saudi Arabia,670,129,Kuwait,690,"[0,246)"
138,239,Saudi Arabia,670,130,Qatar,694,"[0,246)"
139,239,Saudi Arabia,670,119,Oman,698,"[0,246)"
140,239,Saudi Arabia,670,132,United Arab Emirates,696,"[0,246)"
141,50,Mali,432,48,Guinea,438,"[0,612)"
142,50,Mali,432,67,Algeria,615,"[0,612)"
143,50,Mali,432,47,Burkina Faso,439,"[0,612)"
144,50,Mali,432,52,Senegal,433,"[0,612)"
145,50,Mali,432,78,Niger,436,"[0,612)"
146,50,Mali,432,244,Mauritania,435,"[0,612)"
147,50,Mali,432,41,Cote d'Ivoire,437,"[0,612)"
148,58,Mongolia,712,250,USSR,365,"[140,141)"
149,58,Mongolia,712,252,USSR,365,"[141,142)"
150,58,Mongolia,712,253,USSR,365,"[142,143)"
151,58,Mongolia,712,189,USSR,365,"[0,140)"
152,58,Mongolia,712,65,Russia,365,"[144,612)"
153,58,Mongolia,712,199,China,710,"[0,612)"
154,57,Ethiopia,530,120,Somalia,520,"[161,612)"
155,57,Ethiopia,530,237,Kenya,501,"[161,612)"
156,57,Ethiopia,530,246,South Sudan,626,"[379,612)"
157,57,Ethiopia,530,59,Sudan,625,"[161,379)"
158,57,Ethiopia,530,245,Sudan,625,"[379,612)"
159,57,Ethiopia,530,55,Djibouti,522,"[161,612)"
160,57,Ethiopia,530,56,Eritrea,531,"[161,612)"
161,63,Kazakhstan,705,122,Turkmenistan,701,"[144,612)"
162,63,Kazakhstan,705,123,Uzbekistan,704,"[144,612)"
163,63,Kazakhstan,705,134,Kyrgyzstan,703,"[144,612)"
164,63,Kazakhstan,705,65,Russia,365,"[144,612)"
165,63,Kazakhstan,705,199,China,710,"[144,612)"
166,64,Norway,385,250,USSR,365,"[140,141)"
167,64,Norway,385,252,USSR,365,"[141,142)"
168,64,Norway,385,253,USSR,365,"[142,143)"
169,64,Norway,385,66,Sweden,380,"[0,612)"
170,64,Norway,385,112,Finland,375,"[0,612)"
171,64,Norway,385,189,USSR,365,"[0,140)"
172,64,Norway,385,65,Russia,365,"[144,612)"
173,65,Russia,365,101,Poland,290,"[144,612)"
174,65,Russia,365,112,Finland,375,"[144,612)"
175,65,Russia,365,58,Mongolia,712,"[144,612)"
176,65,Russia,365,63,Kazakhstan,705,"[144,612)"
177,65,Russia,365,64,Norway,385,"[144,612)"
178,65,Russia,365,92,Georgia,372,"[144,612)"
179,65,Russia,365,114,Lithuania,368,"[144,612)"
180,65,Russia,365,110,Belarus,370,"[144,612)"
181,65,Russia,365,111,Estonia,366,"[144,612)"
182,65,Russia,365,113,Latvia,367,"[144,612)"
183,65,Russia,365,117,Ukraine,369,"[144,612)"
184,65,Russia,365,199,China,710,"[144,612)"
185,65,Russia,365,126,Azerbaijan,373,"[144,612)"
186,65,Russia,365,143,North Korea,731,"[144,612)"
187,107,Luxembourg,212,105,France,220,"[0,612)"
188,107,Luxembourg,212,184,Germany,260,"[130,612)"
189,107,Luxembourg,212,185,Germany Federal Republic,260,"[0,130)"
190,107,Luxembourg,212,104,Belgium,211,"[0,612)"
191,1,Guyana,110,4,Venezuela,101,"[0,612)"
192,1,Guyana,110,2,Suriname,115,"[0,612)"
193,1,Guyana,110,9,Brazil,140,"[0,612)"
194,2,Suriname,115,1,Guyana,110,"[0,612)"
195,2,Suriname,115,9,Brazil,140,"[0,612)"
196,85,Italy,325,247,Yugoslavia,345,"[143,148)"
197,85,Italy,325,105,France,220,"[0,612)"
198,85,Italy,325,188,Yugoslavia,345,"[0,143)"
199,85,Italy,325,88,San Marino,331,"[0,612)"
200,85,Italy,325,97,Austria,305,"[0,612)"
201,85,Italy,325,103,Slovenia,349,"[148,612)"
202,85,Italy,325,109,Switzerland,225,"[0,612)"
203,86,Macedonia,343,247,Yugoslavia,345,"[143,148)"
204,86,Macedonia,343,93,Greece,350,"[143,612)"
205,86,Macedonia,343,227,Serbia and Montenegro,345,"[148,318)"
206,86,Macedonia,343,230,Serbia,340,"[318,338)"
207,86,Macedonia,343,232,Kosovo,347,"[338,612)"
208,86,Macedonia,343,82,Albania,339,"[143,612)"
209,86,Macedonia,343,89,Bulgaria,355,"[143,612)"
210,86,Macedonia,343,233,Serbia,340,"[338,612)"
211,170,Namibia,565,157,Zambia,551,"[123,612)"
212,170,Namibia,565,163,South Africa,560,"[123,612)"
213,170,Namibia,565,165,Angola,540,"[123,612)"
214,170,Namibia,565,154,Botswana,571,"[123,612)"
215,170,Namibia,565,158,Zimbabwe,552,"[123,612)"
216,12,Paraguay,150,7,Argentina,160,"[0,612)"
217,12,Paraguay,150,8,Bolivia,145,"[0,612)"
218,12,Paraguay,150,9,Brazil,140,"[0,612)"
219,14,Uruguay,165,7,Argentina,160,"[0,612)"
220,14,Uruguay,165,9,Brazil,140,"[0,612)"
221,27,Belize,80,17,Mexico,70,"[21,612)"
222,27,Belize,80,16,Guatemala,90,"[21,612)"
223,23,Dominican Republic,42,24,Haiti,41,"[0,612)"
224,140,Brunei,835,205,Malaysia,820,"[49,612)"
225,24,Haiti,41,23,Dominican Republic,42,"[0,612)"
226,29,Costa Rica,94,34,Panama,95,"[0,612)"
227,29,Costa Rica,94,33,Nicaragua,93,"[0,612)"
228,31,El Salvador,92,16,Guatemala,90,"[0,612)"
229,31,El Salvador,92,32,Honduras,91,"[0,612)"
230,47,Burkina Faso,439,42,Ghana,452,"[0,612)"
231,47,Burkina Faso,439,74,Benin,434,"[0,612)"
232,47,Burkina Faso,439,50,Mali,432,"[0,612)"
233,47,Burkina Faso,439,81,Togo,461,"[0,612)"
234,47,Burkina Faso,439,78,Niger,436,"[0,612)"
235,47,Burkina Faso,439,41,Cote d'Ivoire,437,"[0,612)"
236,32,Honduras,91,16,Guatemala,90,"[0,612)"
237,32,Honduras,91,31,El Salvador,92,"[0,612)"
238,32,Honduras,91,33,Nicaragua,93,"[0,612)"
239,76,Equatorial Guinea,411,69,Cameroon,471,"[0,612)"
240,76,Equatorial Guinea,411,169,Gabon,481,"[0,612)"
241,33,Nicaragua,93,29,Costa Rica,94,"[0,612)"
242,33,Nicaragua,93,32,Honduras,91,"[0,612)"
243,232,Kosovo,347,86,Macedonia,343,"[338,612)"
244,232,Kosovo,347,82,Albania,339,"[338,612)"
245,232,Kosovo,347,231,Montenegro,341,"[338,612)"
246,232,Kosovo,347,233,Serbia,340,"[338,612)"
247,34,Panama,95,28,Colombia,100,"[0,612)"
248,34,Panama,95,29,Costa Rica,94,"[0,612)"
249,82,Albania,339,247,Yugoslavia,345,"[143,148)"
250,82,Albania,339,93,Greece,350,"[0,612)"
251,82,Albania,339,86,Macedonia,343,"[143,612)"
252,82,Albania,339,188,Yugoslavia,345,"[0,143)"
253,82,Albania,339,227,Serbia and Montenegro,345,"[148,318)"
254,82,Albania,339,230,Serbia,340,"[318,338)"
255,82,Albania,339,232,Kosovo,347,"[338,612)"
256,82,Albania,339,231,Montenegro,341,"[318,612)"
257,62,Jordan,663,131,Saudi Arabia,670,"[246,612)"
258,62,Jordan,663,239,Saudi Arabia,670,"[0,246)"
259,62,Jordan,663,60,Iraq,645,"[0,612)"
260,62,Jordan,663,218,Israel,666,"[0,612)"
261,62,Jordan,663,220,Syria,652,"[0,612)"
262,49,Guinea-Bissau,404,48,Guinea,438,"[0,612)"
263,49,Guinea-Bissau,404,52,Senegal,433,"[0,612)"
264,60,Iraq,645,128,Iran,630,"[0,612)"
265,60,Iraq,645,131,Saudi Arabia,670,"[246,612)"
266,60,Iraq,645,239,Saudi Arabia,670,"[0,246)"
267,60,Iraq,645,62,Jordan,663,"[0,612)"
268,60,Iraq,645,96,Turkey,640,"[0,612)"
269,60,Iraq,645,129,Kuwait,690,"[0,612)"
270,60,Iraq,645,220,Syria,652,"[0,612)"
271,83,Bosnia and Herzegovina,346,84,Croatia,344,"[148,612)"
272,83,Bosnia and Herzegovina,346,227,Serbia and Montenegro,345,"[148,318)"
273,83,Bosnia and Herzegovina,346,230,Serbia,340,"[318,338)"
274,83,Bosnia and Herzegovina,346,231,Montenegro,341,"[318,612)"
275,83,Bosnia and Herzegovina,346,233,Serbia,340,"[338,612)"
276,88,San Marino,331,85,Italy,325,"[0,612)"
277,125,Armenia,371,128,Iran,630,"[144,612)"
278,125,Armenia,371,92,Georgia,372,"[144,612)"
279,125,Armenia,371,96,Turkey,640,"[144,612)"
280,125,Armenia,371,126,Azerbaijan,373,"[144,612)"
281,89,Bulgaria,355,247,Yugoslavia,345,"[143,148)"
282,89,Bulgaria,355,93,Greece,350,"[0,612)"
283,89,Bulgaria,355,86,Macedonia,343,"[143,612)"
284,89,Bulgaria,355,188,Yugoslavia,345,"[0,143)"
285,89,Bulgaria,355,227,Serbia and Montenegro,345,"[148,318)"
286,89,Bulgaria,355,230,Serbia,340,"[318,338)"
287,89,Bulgaria,355,96,Turkey,640,"[0,612)"
288,89,Bulgaria,355,116,Romania,360,"[0,612)"
289,89,Bulgaria,355,233,Serbia,340,"[338,612)"
290,92,Georgia,372,252,USSR,365,"[141,142)"
291,92,Georgia,372,253,USSR,365,"[142,143)"
292,92,Georgia,372,65,Russia,365,"[144,612)"
293,92,Georgia,372,125,Armenia,371,"[144,612)"
294,92,Georgia,372,96,Turkey,640,"[141,612)"
295,92,Georgia,372,126,Azerbaijan,373,"[144,612)"
296,94,Lebanon,660,218,Israel,666,"[0,612)"
297,94,Lebanon,660,220,Syria,652,"[0,612)"
298,97,Austria,305,247,Yugoslavia,345,"[143,148)"
299,97,Austria,305,106,Liechtenstein,223,"[0,612)"
300,97,Austria,305,184,Germany,260,"[130,612)"
301,97,Austria,305,85,Italy,325,"[0,612)"
302,97,Austria,305,185,Germany Federal Republic,260,"[0,130)"
303,97,Austria,305,187,Czechoslovakia,315,"[0,156)"
304,97,Austria,305,188,Yugoslavia,345,"[0,143)"
305,97,Austria,305,98,Czech Republic,316,"[157,612)"
306,97,Austria,305,100,Hungary,310,"[0,612)"
307,97,Austria,305,102,Slovakia,317,"[157,612)"
308,97,Austria,305,103,Slovenia,349,"[148,612)"
309,97,Austria,305,109,Switzerland,225,"[0,612)"
310,98,Czech Republic,316,101,Poland,290,"[157,612)"
311,98,Czech Republic,316,184,Germany,260,"[157,612)"
312,98,Czech Republic,316,97,Austria,305,"[157,612)"
313,98,Czech Republic,316,102,Slovakia,317,"[157,612)"
314,129,Kuwait,690,131,Saudi Arabia,670,"[246,612)"
315,129,Kuwait,690,239,Saudi Arabia,670,"[0,246)"
316,129,Kuwait,690,60,Iraq,645,"[0,612)"
317,100,Hungary,310,247,Yugoslavia,345,"[143,148)"
318,100,Hungary,310,250,USSR,365,"[140,141)"
319,100,Hungary,310,252,USSR,365,"[141,142)"
320,100,Hungary,310,253,USSR,365,"[142,143)"
321,100,Hungary,310,84,Croatia,344,"[148,612)"
322,100,Hungary,310,187,Czechoslovakia,315,"[0,156)"
323,100,Hungary,310,188,Yugoslavia,345,"[0,143)"
324,100,Hungary,310,189,USSR,365,"[0,140)"
325,100,Hungary,310,227,Serbia and Montenegro,345,"[148,318)"
326,100,Hungary,310,230,Serbia,340,"[318,338)"
327,100,Hungary,310,97,Austria,305,"[0,612)"
328,100,Hungary,310,102,Slovakia,317,"[157,612)"
329,100,Hungary,310,103,Slovenia,349,"[148,612)"
330,100,Hungary,310,116,Romania,360,"[0,612)"
331,100,Hungary,310,117,Ukraine,369,"[144,612)"
332,100,Hungary,310,233,Serbia,340,"[338,612)"
333,130,Qatar,694,131,Saudi Arabia,670,"[246,612)"
334,130,Qatar,694,239,Saudi Arabia,670,"[0,246)"
335,102,Slovakia,317,101,Poland,290,"[157,612)"
336,102,Slovakia,317,97,Austria,305,"[157,612)"
337,102,Slovakia,317,98,Czech Republic,316,"[157,612)"
338,102,Slovakia,317,100,Hungary,310,"[157,612)"
339,102,Slovakia,317,117,Ukraine,369,"[157,612)"
340,103,Slovenia,349,84,Croatia,344,"[148,612)"
341,103,Slovenia,349,85,Italy,325,"[148,612)"
342,103,Slovenia,349,97,Austria,305,"[148,612)"
343,103,Slovenia,349,100,Hungary,310,"[148,612)"
344,166,Congo,484,69,Cameroon,471,"[0,612)"
345,166,Congo,484,70,Central African Republic,482,"[0,612)"
346,166,Congo,484,165,Angola,540,"[0,612)"
347,166,Congo,484,167,"Congo, DRC",490,"[0,612)"
348,166,Congo,484,169,Gabon,481,"[0,612)"
349,167,"Congo, DRC",490,236,Tanzania,510,"[0,193)"
350,167,"Congo, DRC",490,157,Zambia,551,"[0,612)"
351,167,"Congo, DRC",490,70,Central African Republic,482,"[0,612)"
352,167,"Congo, DRC",490,165,Angola,540,"[0,612)"
353,167,"Congo, DRC",490,242,Tanzania,510,"[194,612)"
354,167,"Congo, DRC",490,166,Congo,484,"[0,612)"
355,167,"Congo, DRC",490,155,Burundi,516,"[0,612)"
356,167,"Congo, DRC",490,156,Rwanda,517,"[0,612)"
357,167,"Congo, DRC",490,235,Uganda,500,"[0,612)"
358,167,"Congo, DRC",490,246,South Sudan,626,"[379,612)"
359,167,"Congo, DRC",490,59,Sudan,625,"[0,379)"
360,104,Belgium,211,105,France,220,"[0,612)"
361,104,Belgium,211,108,Netherlands,210,"[0,612)"
362,104,Belgium,211,184,Germany,260,"[130,612)"
363,104,Belgium,211,185,Germany Federal Republic,260,"[0,130)"
364,104,Belgium,211,107,Luxembourg,212,"[0,612)"
365,55,Djibouti,522,120,Somalia,520,"[0,612)"
366,55,Djibouti,522,191,Ethiopia,530,"[0,161)"
367,55,Djibouti,522,57,Ethiopia,530,"[161,612)"
368,55,Djibouti,522,56,Eritrea,531,"[161,612)"
369,197,Yemen People's Republic,680,196,Yemen Arab Republic,678,"[0,125)"
370,197,Yemen People's Republic,680,239,Saudi Arabia,670,"[0,125)"
371,197,Yemen People's Republic,680,119,Oman,698,"[0,125)"
372,114,Lithuania,368,252,USSR,365,"[141,142)"
373,114,Lithuania,368,253,USSR,365,"[142,143)"
374,114,Lithuania,368,101,Poland,290,"[141,612)"
375,114,Lithuania,368,65,Russia,365,"[144,612)"
376,114,Lithuania,368,110,Belarus,370,"[141,612)"
377,114,Lithuania,368,113,Latvia,367,"[141,612)"
378,81,Togo,461,42,Ghana,452,"[0,612)"
379,81,Togo,461,74,Benin,434,"[0,612)"
380,81,Togo,461,47,Burkina Faso,439,"[0,612)"
381,188,Yugoslavia,345,93,Greece,350,"[0,143)"
382,188,Yugoslavia,345,85,Italy,325,"[0,143)"
383,188,Yugoslavia,345,82,Albania,339,"[0,143)"
384,188,Yugoslavia,345,89,Bulgaria,355,"[0,143)"
385,188,Yugoslavia,345,97,Austria,305,"[0,143)"
386,188,Yugoslavia,345,100,Hungary,310,"[0,143)"
387,188,Yugoslavia,345,116,Romania,360,"[0,143)"
388,208,Indonesia,850,179,Papua New Guinea,910,"[0,269)"
389,208,Indonesia,850,205,Malaysia,820,"[0,269)"
390,206,Singapore,830,205,Malaysia,820,"[0,612)"
391,38,Ireland,205,39,United Kingdom,200,"[0,612)"
392,41,Cote d'Ivoire,437,43,Liberia,450,"[0,612)"
393,41,Cote d'Ivoire,437,42,Ghana,452,"[0,612)"
394,41,Cote d'Ivoire,437,48,Guinea,438,"[0,612)"
395,41,Cote d'Ivoire,437,50,Mali,432,"[0,612)"
396,41,Cote d'Ivoire,437,47,Burkina Faso,439,"[0,612)"
397,157,Zambia,551,192,South Africa,560,"[0,123)"
398,157,Zambia,551,236,Tanzania,510,"[0,193)"
399,157,Zambia,551,162,Mozambique,541,"[0,612)"
400,157,Zambia,551,165,Angola,540,"[0,612)"
401,157,Zambia,551,242,Tanzania,510,"[194,612)"
402,157,Zambia,551,170,Namibia,565,"[123,612)"
403,157,Zambia,551,167,"Congo, DRC",490,"[0,612)"
404,157,Zambia,551,154,Botswana,571,"[0,612)"
405,157,Zambia,551,158,Zimbabwe,552,"[0,612)"
406,157,Zambia,551,161,Malawi,553,"[0,612)"
407,45,Portugal,235,46,Spain,230,"[0,612)"
408,46,Spain,230,45,Portugal,235,"[0,612)"
409,46,Spain,230,105,France,220,"[0,612)"
410,46,Spain,230,68,Andorra,232,"[0,612)"
411,235,Uganda,500,236,Tanzania,510,"[0,193)"
412,235,Uganda,500,242,Tanzania,510,"[194,612)"
413,235,Uganda,500,167,"Congo, DRC",490,"[0,612)"
414,235,Uganda,500,156,Rwanda,517,"[0,612)"
415,235,Uganda,500,237,Kenya,501,"[0,612)"
416,235,Uganda,500,246,South Sudan,626,"[379,612)"
417,235,Uganda,500,59,Sudan,625,"[0,379)"
418,250,USSR,365,128,Iran,630,"[140,141)"
419,250,USSR,365,101,Poland,290,"[140,141)"
420,250,USSR,365,112,Finland,375,"[140,141)"
421,250,USSR,365,123,Uzbekistan,704,"[140,141)"
422,250,USSR,365,133,Afghanistan,700,"[140,141)"
423,250,USSR,365,134,Kyrgyzstan,703,"[140,141)"
424,250,USSR,365,187,Czechoslovakia,315,"[140,141)"
425,250,USSR,365,58,Mongolia,712,"[140,141)"
426,250,USSR,365,64,Norway,385,"[140,141)"
427,250,USSR,365,96,Turkey,640,"[140,141)"
428,250,USSR,365,100,Hungary,310,"[140,141)"
429,250,USSR,365,110,Belarus,370,"[140,141)"
430,250,USSR,365,115,Moldova,359,"[140,141)"
431,250,USSR,365,116,Romania,360,"[140,141)"
432,250,USSR,365,199,China,710,"[140,141)"
433,250,USSR,365,143,North Korea,731,"[140,141)"
434,252,USSR,365,128,Iran,630,"[141,142)"
435,252,USSR,365,101,Poland,290,"[141,142)"
436,252,USSR,365,112,Finland,375,"[141,142)"
437,252,USSR,365,123,Uzbekistan,704,"[141,142)"
438,252,USSR,365,133,Afghanistan,700,"[141,142)"
439,252,USSR,365,134,Kyrgyzstan,703,"[141,142)"
440,252,USSR,365,187,Czechoslovakia,315,"[141,142)"
441,252,USSR,365,58,Mongolia,712,"[141,142)"
442,252,USSR,365,64,Norway,385,"[141,142)"
443,252,USSR,365,92,Georgia,372,"[141,142)"
444,252,USSR,365,96,Turkey,640,"[141,142)"
445,252,USSR,365,100,Hungary,310,"[141,142)"
446,252,USSR,365,114,Lithuania,368,"[141,142)"
447,252,USSR,365,110,Belarus,370,"[141,142)"
448,252,USSR,365,111,Estonia,366,"[141,142)"
449,252,USSR,365,113,Latvia,367,"[141,142)"
450,252,USSR,365,115,Moldova,359,"[141,142)"
451,252,USSR,365,116,Romania,360,"[141,142)"
452,252,USSR,365,199,China,710,"[141,142)"
453,252,USSR,365,143,North Korea,731,"[141,142)"
454,253,USSR,365,128,Iran,630,"[142,143)"
455,253,USSR,365,101,Poland,290,"[142,143)"
456,253,USSR,365,112,Finland,375,"[142,143)"
457,253,USSR,365,122,Turkmenistan,701,"[142,143)"
458,253,USSR,365,123,Uzbekistan,704,"[142,143)"
459,253,USSR,365,134,Kyrgyzstan,703,"[142,143)"
460,253,USSR,365,187,Czechoslovakia,315,"[142,143)"
461,253,USSR,365,58,Mongolia,712,"[142,143)"
462,253,USSR,365,64,Norway,385,"[142,143)"
463,253,USSR,365,92,Georgia,372,"[142,143)"
464,253,USSR,365,96,Turkey,640,"[142,143)"
465,253,USSR,365,100,Hungary,310,"[142,143)"
466,253,USSR,365,114,Lithuania,368,"[142,143)"
467,253,USSR,365,110,Belarus,370,"[142,143)"
468,253,USSR,365,111,Estonia,366,"[142,143)"
469,253,USSR,365,113,Latvia,367,"[142,143)"
470,253,USSR,365,115,Moldova,359,"[142,143)"
471,253,USSR,365,116,Romania,360,"[142,143)"
472,253,USSR,365,199,China,710,"[142,143)"
473,253,USSR,365,143,North Korea,731,"[142,143)"
474,66,Sweden,380,112,Finland,375,"[0,612)"
475,66,Sweden,380,64,Norway,385,"[0,612)"
476,67,Algeria,615,213,Libya,620,"[0,612)"
477,67,Algeria,615,243,Morocco,600,"[0,612)"
478,67,Algeria,615,50,Mali,432,"[0,612)"
479,67,Algeria,615,73,Tunisia,616,"[0,612)"
480,67,Algeria,615,78,Niger,436,"[0,612)"
481,67,Algeria,615,244,Mauritania,435,"[0,612)"
482,69,Cameroon,471,70,Central African Republic,482,"[0,612)"
483,69,Cameroon,471,166,Congo,484,"[0,612)"
484,69,Cameroon,471,76,Equatorial Guinea,411,"[0,612)"
485,69,Cameroon,471,169,Gabon,481,"[0,612)"
486,69,Cameroon,471,214,Chad,483,"[0,612)"
487,69,Cameroon,471,79,Nigeria,475,"[0,612)"
488,70,Central African Republic,482,69,Cameroon,471,"[0,612)"
489,70,Central African Republic,482,166,Congo,484,"[0,612)"
490,70,Central African Republic,482,167,"Congo, DRC",490,"[0,612)"
491,70,Central African Republic,482,246,South Sudan,626,"[379,612)"
492,70,Central African Republic,482,59,Sudan,625,"[0,379)"
493,70,Central African Republic,482,245,Sudan,625,"[379,612)"
494,70,Central African Republic,482,214,Chad,483,"[0,612)"
495,79,Nigeria,475,69,Cameroon,471,"[0,612)"
496,79,Nigeria,475,74,Benin,434,"[0,612)"
497,79,Nigeria,475,78,Niger,436,"[0,612)"
498,79,Nigeria,475,214,Chad,483,"[0,612)"
499,84,Croatia,344,227,Serbia and Montenegro,345,"[148,318)"
500,84,Croatia,344,230,Serbia,340,"[318,338)"
501,84,Croatia,344,83,Bosnia and Herzegovina,346,"[148,612)"
502,84,Croatia,344,100,Hungary,310,"[148,612)"
503,84,Croatia,344,103,Slovenia,349,"[148,612)"
504,84,Croatia,344,231,Montenegro,341,"[318,612)"
505,84,Croatia,344,233,Serbia,340,"[338,612)"
506,93,Greece,350,86,Macedonia,343,"[143,612)"
507,93,Greece,350,188,Yugoslavia,345,"[0,143)"
508,93,Greece,350,82,Albania,339,"[0,612)"
509,93,Greece,350,89,Bulgaria,355,"[0,612)"
510,93,Greece,350,96,Turkey,640,"[0,612)"
511,128,Iran,630,250,USSR,365,"[140,141)"
512,128,Iran,630,252,USSR,365,"[141,142)"
513,128,Iran,630,253,USSR,365,"[142,143)"
514,128,Iran,630,122,Turkmenistan,701,"[142,612)"
515,128,Iran,630,133,Afghanistan,700,"[0,612)"
516,128,Iran,630,136,Pakistan,770,"[0,612)"
517,128,Iran,630,189,USSR,365,"[0,140)"
518,128,Iran,630,60,Iraq,645,"[0,612)"
519,128,Iran,630,125,Armenia,371,"[144,612)"
520,128,Iran,630,96,Turkey,640,"[0,612)"
521,128,Iran,630,126,Azerbaijan,373,"[144,612)"
522,99,Denmark,390,184,Germany,260,"[130,612)"
523,99,Denmark,390,185,Germany Federal Republic,260,"[0,130)"
524,101,Poland,290,250,USSR,365,"[140,141)"
525,101,Poland,290,252,USSR,365,"[141,142)"
526,101,Poland,290,253,USSR,365,"[142,143)"
527,101,Poland,290,184,Germany,260,"[130,612)"
528,101,Poland,290,186,Germany Democratic Republic,265,"[0,130)"
529,101,Poland,290,187,Czechoslovakia,315,"[0,156)"
530,101,Poland,290,189,USSR,365,"[0,140)"
531,101,Poland,290,65,Russia,365,"[144,612)"
532,101,Poland,290,98,Czech Republic,316,"[157,612)"
533,101,Poland,290,102,Slovakia,317,"[157,612)"
534,101,Poland,290,114,Lithuania,368,"[141,612)"
535,101,Poland,290,110,Belarus,370,"[140,612)"
536,101,Poland,290,117,Ukraine,369,"[144,612)"
537,131,Saudi Arabia,670,62,Jordan,663,"[246,612)"
538,131,Saudi Arabia,670,60,Iraq,645,"[246,612)"
539,131,Saudi Arabia,670,129,Kuwait,690,"[246,612)"
540,131,Saudi Arabia,670,130,Qatar,694,"[246,612)"
541,131,Saudi Arabia,670,119,Oman,698,"[246,612)"
542,131,Saudi Arabia,670,124,Yemen,678,"[246,612)"
543,131,Saudi Arabia,670,132,United Arab Emirates,696,"[246,612)"
544,105,France,220,46,Spain,230,"[0,612)"
545,105,France,220,184,Germany,260,"[130,612)"
546,105,France,220,68,Andorra,232,"[0,612)"
547,105,France,220,72,Monaco,221,"[0,612)"
548,105,France,220,85,Italy,325,"[0,612)"
549,105,France,220,185,Germany Federal Republic,260,"[0,130)"
550,105,France,220,107,Luxembourg,212,"[0,612)"
551,105,France,220,104,Belgium,211,"[0,612)"
552,105,France,220,109,Switzerland,225,"[0,612)"
553,106,Liechtenstein,223,97,Austria,305,"[0,612)"
554,106,Liechtenstein,223,109,Switzerland,225,"[0,612)"
555,108,Netherlands,210,184,Germany,260,"[130,612)"
556,108,Netherlands,210,185,Germany Federal Republic,260,"[0,130)"
557,108,Netherlands,210,104,Belgium,211,"[0,612)"
558,112,Finland,375,250,USSR,365,"[140,141)"
559,112,Finland,375,252,USSR,365,"[141,142)"
560,112,Finland,375,253,USSR,365,"[142,143)"
561,112,Finland,375,66,Sweden,380,"[0,612)"
562,112,Finland,375,189,USSR,365,"[0,140)"
563,112,Finland,375,64,Norway,385,"[0,612)"
564,112,Finland,375,65,Russia,365,"[144,612)"
565,109,Switzerland,225,105,France,220,"[0,612)"
566,109,Switzerland,225,106,Liechtenstein,223,"[0,612)"
567,109,Switzerland,225,184,Germany,260,"[130,612)"
568,109,Switzerland,225,85,Italy,325,"[0,612)"
569,109,Switzerland,225,185,Germany Federal Republic,260,"[0,130)"
570,109,Switzerland,225,97,Austria,305,"[0,612)"
571,179,Papua New Guinea,910,208,Indonesia,850,"[0,269)"
572,179,Papua New Guinea,910,209,Indonesia,850,"[269,612)"
573,120,Somalia,520,237,Kenya,501,"[0,612)"
574,120,Somalia,520,191,Ethiopia,530,"[0,161)"
575,120,Somalia,520,57,Ethiopia,530,"[161,612)"
576,120,Somalia,520,55,Djibouti,522,"[0,612)"
577,122,Turkmenistan,701,253,USSR,365,"[142,143)"
578,122,Turkmenistan,701,128,Iran,630,"[142,612)"
579,122,Turkmenistan,701,123,Uzbekistan,704,"[142,612)"
580,122,Turkmenistan,701,133,Afghanistan,700,"[142,612)"
581,122,Turkmenistan,701,63,Kazakhstan,705,"[144,612)"
582,123,Uzbekistan,704,250,USSR,365,"[140,141)"
583,123,Uzbekistan,704,252,USSR,365,"[141,142)"
584,123,Uzbekistan,704,253,USSR,365,"[142,143)"
585,123,Uzbekistan,704,122,Turkmenistan,701,"[142,612)"
586,123,Uzbekistan,704,133,Afghanistan,700,"[140,612)"
587,123,Uzbekistan,704,134,Kyrgyzstan,703,"[140,612)"
588,123,Uzbekistan,704,137,Tajikistan,702,"[141,612)"
589,123,Uzbekistan,704,63,Kazakhstan,705,"[144,612)"
590,133,Afghanistan,700,250,USSR,365,"[140,141)"
591,133,Afghanistan,700,252,USSR,365,"[141,142)"
592,133,Afghanistan,700,128,Iran,630,"[0,612)"
593,133,Afghanistan,700,122,Turkmenistan,701,"[142,612)"
594,133,Afghanistan,700,123,Uzbekistan,704,"[140,612)"
595,133,Afghanistan,700,136,Pakistan,770,"[0,612)"
596,133,Afghanistan,700,137,Tajikistan,702,"[141,612)"
597,133,Afghanistan,700,189,USSR,365,"[0,140)"
598,133,Afghanistan,700,199,China,710,"[0,612)"
599,176,Timor Leste,860,209,Indonesia,850,"[269,612)"
600,134,Kyrgyzstan,703,250,USSR,365,"[140,141)"
601,134,Kyrgyzstan,703,252,USSR,365,"[141,142)"
602,134,Kyrgyzstan,703,253,USSR,365,"[142,143)"
603,134,Kyrgyzstan,703,123,Uzbekistan,704,"[140,612)"
604,134,Kyrgyzstan,703,137,Tajikistan,702,"[141,612)"
605,134,Kyrgyzstan,703,63,Kazakhstan,705,"[144,612)"
606,134,Kyrgyzstan,703,199,China,710,"[140,612)"
607,136,Pakistan,770,128,Iran,630,"[0,612)"
608,136,Pakistan,770,133,Afghanistan,700,"[0,612)"
609,136,Pakistan,770,199,China,710,"[0,612)"
610,136,Pakistan,770,223,India,750,"[0,612)"
611,137,Tajikistan,702,123,Uzbekistan,704,"[141,612)"
612,137,Tajikistan,702,133,Afghanistan,700,"[141,612)"
613,137,Tajikistan,702,134,Kyrgyzstan,703,"[141,612)"
614,137,Tajikistan,702,199,China,710,"[141,612)"
615,138,Bangladesh,771,149,Myanmar,775,"[0,612)"
616,138,Bangladesh,771,223,India,750,"[0,612)"
617,146,South Korea,732,143,North Korea,731,"[0,612)"
618,148,Laos,812,149,Myanmar,775,"[0,612)"
619,148,Laos,812,150,Thailand,800,"[0,612)"
620,148,Laos,812,151,Vietnam,816,"[0,612)"
621,148,Laos,812,199,China,710,"[0,612)"
622,148,Laos,812,147,Cambodia,811,"[0,612)"
623,149,Myanmar,775,138,Bangladesh,771,"[0,612)"
624,149,Myanmar,775,148,Laos,812,"[0,612)"
625,149,Myanmar,775,150,Thailand,800,"[0,612)"
626,149,Myanmar,775,199,China,710,"[0,612)"
627,149,Myanmar,775,223,India,750,"[0,612)"
628,150,Thailand,800,205,Malaysia,820,"[0,612)"
629,150,Thailand,800,148,Laos,812,"[0,612)"
630,150,Thailand,800,149,Myanmar,775,"[0,612)"
631,150,Thailand,800,147,Cambodia,811,"[0,612)"
632,233,Serbia,340,84,Croatia,344,"[338,612)"
633,233,Serbia,340,86,Macedonia,343,"[338,612)"
634,233,Serbia,340,232,Kosovo,347,"[338,612)"
635,233,Serbia,340,83,Bosnia and Herzegovina,346,"[338,612)"
636,233,Serbia,340,89,Bulgaria,355,"[338,612)"
637,233,Serbia,340,100,Hungary,310,"[338,612)"
638,233,Serbia,340,116,Romania,360,"[338,612)"
639,233,Serbia,340,231,Montenegro,341,"[338,612)"
640,151,Vietnam,816,148,Laos,812,"[0,612)"
641,151,Vietnam,816,199,China,710,"[0,612)"
642,151,Vietnam,816,147,Cambodia,811,"[0,612)"
643,43,Liberia,450,53,Sierra Leone,451,"[0,612)"
644,43,Liberia,450,48,Guinea,438,"[0,612)"
645,43,Liberia,450,41,Cote d'Ivoire,437,"[0,612)"
646,53,Sierra Leone,451,43,Liberia,450,"[0,612)"
647,53,Sierra Leone,451,48,Guinea,438,"[0,612)"
648,162,Mozambique,541,192,South Africa,560,"[0,123)"
649,162,Mozambique,541,236,Tanzania,510,"[0,193)"
650,162,Mozambique,541,157,Zambia,551,"[0,612)"
651,162,Mozambique,541,163,South Africa,560,"[123,612)"
652,162,Mozambique,541,242,Tanzania,510,"[194,612)"
653,162,Mozambique,541,164,Swaziland,572,"[0,612)"
654,162,Mozambique,541,158,Zimbabwe,552,"[0,612)"
655,162,Mozambique,541,161,Malawi,553,"[0,612)"
656,163,South Africa,560,162,Mozambique,541,"[123,612)"
657,163,South Africa,560,170,Namibia,565,"[123,612)"
658,163,South Africa,560,164,Swaziland,572,"[123,612)"
659,163,South Africa,560,160,Lesotho,570,"[123,612)"
660,163,South Africa,560,154,Botswana,571,"[123,612)"
661,163,South Africa,560,158,Zimbabwe,552,"[123,612)"
662,165,Angola,540,192,South Africa,560,"[0,123)"
663,165,Angola,540,157,Zambia,551,"[0,612)"
664,165,Angola,540,170,Namibia,565,"[123,612)"
665,165,Angola,540,166,Congo,484,"[0,612)"
666,165,Angola,540,167,"Congo, DRC",490,"[0,612)"
667,183,Canada,20,234,United States,2,"[0,612)"
668,184,Germany,260,99,Denmark,390,"[130,612)"
669,184,Germany,260,101,Poland,290,"[130,612)"
670,184,Germany,260,105,France,220,"[130,612)"
671,184,Germany,260,108,Netherlands,210,"[130,612)"
672,184,Germany,260,187,Czechoslovakia,315,"[130,156)"
673,184,Germany,260,107,Luxembourg,212,"[130,612)"
674,184,Germany,260,97,Austria,305,"[130,612)"
675,184,Germany,260,98,Czech Republic,316,"[157,612)"
676,184,Germany,260,104,Belgium,211,"[130,612)"
677,184,Germany,260,109,Switzerland,225,"[130,612)"
678,42,Ghana,452,47,Burkina Faso,439,"[0,612)"
679,42,Ghana,452,81,Togo,461,"[0,612)"
680,42,Ghana,452,41,Cote d'Ivoire,437,"[0,612)"
681,213,Libya,620,59,Sudan,625,"[0,379)"
682,213,Libya,620,67,Algeria,615,"[0,612)"
683,213,Libya,620,245,Sudan,625,"[379,612)"
684,213,Libya,620,222,Egypt,651,"[0,612)"
685,213,Libya,620,73,Tunisia,616,"[0,612)"
686,213,Libya,620,78,Niger,436,"[0,612)"
687,213,Libya,620,214,Chad,483,"[0,612)"
688,205,Malaysia,820,206,Singapore,830,"[0,612)"
689,205,Malaysia,820,208,Indonesia,850,"[0,269)"
690,205,Malaysia,820,140,Brunei,835,"[49,612)"
691,205,Malaysia,820,209,Indonesia,850,"[269,612)"
692,205,Malaysia,820,150,Thailand,800,"[0,612)"
693,234,United States,2,17,Mexico,70,"[0,612)"
694,234,United States,2,183,Canada,20,"[0,612)"
695,242,Tanzania,510,157,Zambia,551,"[194,612)"
696,242,Tanzania,510,162,Mozambique,541,"[194,612)"
697,242,Tanzania,510,167,"Congo, DRC",490,"[194,612)"
698,242,Tanzania,510,155,Burundi,516,"[194,612)"
699,242,Tanzania,510,156,Rwanda,517,"[194,612)"
700,242,Tanzania,510,235,Uganda,500,"[194,612)"
701,242,Tanzania,510,161,Malawi,553,"[194,612)"
702,242,Tanzania,510,237,Kenya,501,"[194,612)"
703,243,Morocco,600,67,Algeria,615,"[0,612)"
704,243,Morocco,600,244,Mauritania,435,"[0,612)"
705,245,Sudan,625,70,Central African Republic,482,"[379,612)"
706,245,Sudan,625,246,South Sudan,626,"[379,612)"
707,245,Sudan,625,213,Libya,620,"[379,612)"
708,245,Sudan,625,57,Ethiopia,530,"[379,612)"
709,245,Sudan,625,222,Egypt,651,"[379,612)"
710,245,Sudan,625,56,Eritrea,531,"[379,612)"
711,245,Sudan,625,214,Chad,483,"[379,612)"
712,110,Belarus,370,250,USSR,365,"[140,141)"
713,110,Belarus,370,252,USSR,365,"[141,142)"
714,110,Belarus,370,253,USSR,365,"[142,143)"
715,110,Belarus,370,101,Poland,290,"[140,612)"
716,110,Belarus,370,65,Russia,365,"[144,612)"
717,110,Belarus,370,114,Lithuania,368,"[141,612)"
718,110,Belarus,370,113,Latvia,367,"[141,612)"
719,110,Belarus,370,117,Ukraine,369,"[144,612)"
720,111,Estonia,366,252,USSR,365,"[141,142)"
721,111,Estonia,366,253,USSR,365,"[142,143)"
722,111,Estonia,366,65,Russia,365,"[144,612)"
723,111,Estonia,366,113,Latvia,367,"[141,612)"
724,113,Latvia,367,252,USSR,365,"[141,142)"
725,113,Latvia,367,253,USSR,365,"[142,143)"
726,113,Latvia,367,65,Russia,365,"[144,612)"
727,113,Latvia,367,114,Lithuania,368,"[141,612)"
728,113,Latvia,367,110,Belarus,370,"[141,612)"
729,113,Latvia,367,111,Estonia,366,"[141,612)"
730,115,Moldova,359,250,USSR,365,"[140,141)"
731,115,Moldova,359,252,USSR,365,"[141,142)"
732,115,Moldova,359,253,USSR,365,"[142,143)"
733,115,Moldova,359,116,Romania,360,"[140,612)"
734,115,Moldova,359,117,Ukraine,369,"[144,612)"
735,116,Romania,360,247,Yugoslavia,345,"[143,148)"
736,116,Romania,360,250,USSR,365,"[140,141)"
737,116,Romania,360,252,USSR,365,"[141,142)"
738,116,Romania,360,253,USSR,365,"[142,143)"
739,116,Romania,360,188,Yugoslavia,345,"[0,143)"
740,116,Romania,360,189,USSR,365,"[0,140)"
741,116,Romania,360,227,Serbia and Montenegro,345,"[148,318)"
742,116,Romania,360,230,Serbia,340,"[318,338)"
743,116,Romania,360,89,Bulgaria,355,"[0,612)"
744,116,Romania,360,100,Hungary,310,"[0,612)"
745,116,Romania,360,115,Moldova,359,"[140,612)"
746,116,Romania,360,117,Ukraine,369,"[144,612)"
747,116,Romania,360,233,Serbia,340,"[338,612)"
748,117,Ukraine,369,101,Poland,290,"[144,612)"
749,117,Ukraine,369,187,Czechoslovakia,315,"[144,156)"
750,117,Ukraine,369,65,Russia,365,"[144,612)"
751,117,Ukraine,369,100,Hungary,310,"[144,612)"
752,117,Ukraine,369,102,Slovakia,317,"[157,612)"
753,117,Ukraine,369,110,Belarus,370,"[144,612)"
754,117,Ukraine,369,115,Moldova,359,"[144,612)"
755,117,Ukraine,369,116,Romania,360,"[144,612)"
756,119,Oman,698,197,Yemen People's Republic,680,"[0,125)"
757,119,Oman,698,131,Saudi Arabia,670,"[246,612)"
758,119,Oman,698,240,Yemen,678,"[125,246)"
759,119,Oman,698,239,Saudi Arabia,670,"[0,246)"
760,119,Oman,698,124,Yemen,678,"[246,612)"
761,119,Oman,698,132,United Arab Emirates,696,"[0,612)"
762,199,China,710,250,USSR,365,"[140,141)"
763,199,China,710,252,USSR,365,"[141,142)"
764,199,China,710,253,USSR,365,"[142,143)"
765,199,China,710,133,Afghanistan,700,"[0,612)"
766,199,China,710,134,Kyrgyzstan,703,"[140,612)"
767,199,China,710,136,Pakistan,770,"[0,612)"
768,199,China,710,137,Tajikistan,702,"[141,612)"
769,199,China,710,148,Laos,812,"[0,612)"
770,199,China,710,149,Myanmar,775,"[0,612)"
771,199,China,710,151,Vietnam,816,"[0,612)"
772,199,China,710,189,USSR,365,"[0,140)"
773,199,China,710,58,Mongolia,712,"[0,612)"
774,199,China,710,63,Kazakhstan,705,"[144,612)"
775,199,China,710,65,Russia,365,"[144,612)"
776,199,China,710,139,Bhutan,760,"[0,612)"
777,199,China,710,135,Nepal,790,"[0,612)"
778,199,China,710,143,North Korea,731,"[0,612)"
779,199,China,710,223,India,750,"[0,612)"
780,124,Yemen,678,131,Saudi Arabia,670,"[246,612)"
781,124,Yemen,678,119,Oman,698,"[246,612)"
782,155,Burundi,516,236,Tanzania,510,"[0,193)"
783,155,Burundi,516,242,Tanzania,510,"[194,612)"
784,155,Burundi,516,167,"Congo, DRC",490,"[0,612)"
785,155,Burundi,516,156,Rwanda,517,"[0,612)"
786,164,Swaziland,572,192,South Africa,560,"[0,123)"
787,164,Swaziland,572,162,Mozambique,541,"[0,612)"
788,164,Swaziland,572,163,South Africa,560,"[123,612)"
789,156,Rwanda,517,236,Tanzania,510,"[0,193)"
790,156,Rwanda,517,242,Tanzania,510,"[194,612)"
791,156,Rwanda,517,167,"Congo, DRC",490,"[0,612)"
792,156,Rwanda,517,155,Burundi,516,"[0,612)"
793,156,Rwanda,517,235,Uganda,500,"[0,612)"
794,54,The Gambia,420,52,Senegal,433,"[0,612)"
795,126,Azerbaijan,373,128,Iran,630,"[144,612)"
796,126,Azerbaijan,373,65,Russia,365,"[144,612)"
797,126,Azerbaijan,373,125,Armenia,371,"[144,612)"
798,126,Azerbaijan,373,92,Georgia,372,"[144,612)"
799,126,Azerbaijan,373,96,Turkey,640,"[144,612)"
800,132,United Arab Emirates,696,131,Saudi Arabia,670,"[246,612)"
801,132,United Arab Emirates,696,239,Saudi Arabia,670,"[0,246)"
802,132,United Arab Emirates,696,119,Oman,698,"[0,612)"
803,139,Bhutan,760,199,China,710,"[0,612)"
804,139,Bhutan,760,223,India,750,"[0,612)"
805,16,Guatemala,90,17,Mexico,70,"[0,612)"
806,16,Guatemala,90,27,Belize,80,"[21,612)"
807,16,Guatemala,90,31,El Salvador,92,"[0,612)"
808,16,Guatemala,90,32,Honduras,91,"[0,612)"
809,135,Nepal,790,199,China,710,"[0,612)"
810,135,Nepal,790,223,India,750,"[0,612)"
811,143,North Korea,731,250,USSR,365,"[140,141)"
812,143,North Korea,731,252,USSR,365,"[141,142)"
813,143,North Korea,731,253,USSR,365,"[142,143)"
814,143,North Korea,731,146,South Korea,732,"[0,612)"
815,143,North Korea,731,189,USSR,365,"[0,140)"
816,143,North Korea,731,65,Russia,365,"[144,612)"
817,143,North Korea,731,199,China,710,"[0,612)"
818,28,Colombia,100,4,Venezuela,101,"[0,612)"
819,28,Colombia,100,13,Peru,135,"[0,612)"
820,28,Colombia,100,9,Brazil,140,"[0,612)"
821,28,Colombia,100,11,Ecuador,130,"[0,612)"
822,28,Colombia,100,34,Panama,95,"[0,612)"
823,17,Mexico,70,234,United States,2,"[0,612)"
824,17,Mexico,70,16,Guatemala,90,"[0,612)"
825,17,Mexico,70,27,Belize,80,"[21,612)"
826,147,Cambodia,811,148,Laos,812,"[0,612)"
827,147,Cambodia,811,150,Thailand,800,"[0,612)"
828,147,Cambodia,811,151,Vietnam,816,"[0,612)"
829,9,Brazil,140,4,Venezuela,101,"[0,612)"
830,9,Brazil,140,13,Peru,135,"[0,612)"
831,9,Brazil,140,28,Colombia,100,"[0,612)"
832,9,Brazil,140,7,Argentina,160,"[0,612)"
833,9,Brazil,140,8,Bolivia,145,"[0,612)"
834,9,Brazil,140,1,Guyana,110,"[0,612)"
835,9,Brazil,140,2,Suriname,115,"[0,612)"
836,9,Brazil,140,12,Paraguay,150,"[0,612)"
837,9,Brazil,140,14,Uruguay,165,"[0,612)"
838,10,Chile,155,13,Peru,135,"[0,612)"
839,10,Chile,155,7,Argentina,160,"[0,612)"
840,10,Chile,155,8,Bolivia,145,"[0,612)"
841,11,Ecuador,130,13,Peru,135,"[0,612)"
842,11,Ecuador,130,28,Colombia,100,"[0,612)"
843,96,Turkey,640,250,USSR,365,"[140,141)"
844,96,Turkey,640,252,USSR,365,"[141,142)"
845,96,Turkey,640,253,USSR,365,"[142,143)"
846,96,Turkey,640,93,Greece,350,"[0,612)"
847,96,Turkey,640,128,Iran,630,"[0,612)"
848,96,Turkey,640,189,USSR,365,"[0,140)"
849,96,Turkey,640,60,Iraq,645,"[0,612)"
850,96,Turkey,640,125,Armenia,371,"[144,612)"
851,96,Turkey,640,89,Bulgaria,355,"[0,612)"
852,96,Turkey,640,92,Georgia,372,"[141,612)"
853,96,Turkey,640,126,Azerbaijan,373,"[144,612)"
854,96,Turkey,640,220,Syria,652,"[0,612)"
855,209,Indonesia,850,179,Papua New Guinea,910,"[269,612)"
856,209,Indonesia,850,205,Malaysia,820,"[269,612)"
857,209,Indonesia,850,176,Timor Leste,860,"[269,612)"
858,223,India,750,136,Pakistan,770,"[0,612)"
859,223,India,750,138,Bangladesh,771,"[0,612)"
860,223,India,750,149,Myanmar,775,"[0,612)"
861,223,India,750,199,China,710,"[0,612)"
862,223,India,750,139,Bhutan,760,"[0,612)"
863,223,India,750,135,Nepal,790,"[0,612)"
864,222,Egypt,651,59,Sudan,625,"[0,379)"
865,222,Egypt,651,213,Libya,620,"[0,612)"
866,222,Egypt,651,245,Sudan,625,"[379,612)"
867,222,Egypt,651,218,Israel,666,"[0,612)"
868,48,Guinea,438,43,Liberia,450,"[0,612)"
869,48,Guinea,438,53,Sierra Leone,451,"[0,612)"
870,48,Guinea,438,49,Guinea-Bissau,404,"[0,612)"
871,48,Guinea,438,50,Mali,432,"[0,612)"
872,48,Guinea,438,52,Senegal,433,"[0,612)"
873,48,Guinea,438,41,Cote d'Ivoire,437,"[0,612)"
874,52,Senegal,433,48,Guinea,438,"[0,612)"
875,52,Senegal,433,49,Guinea-Bissau,404,"[0,612)"
876,52,Senegal,433,50,Mali,432,"[0,612)"
877,52,Senegal,433,54,The Gambia,420,"[0,612)"
878,52,Senegal,433,244,Mauritania,435,"[0,612)"
879,56,Eritrea,531,59,Sudan,625,"[161,379)"
880,56,Eritrea,531,245,Sudan,625,"[379,612)"
881,56,Eritrea,531,57,Ethiopia,530,"[161,612)"
882,56,Eritrea,531,55,Djibouti,522,"[161,612)"
883,160,Lesotho,570,192,South Africa,560,"[0,123)"
884,160,Lesotho,570,163,South Africa,560,"[123,612)"
885,73,Tunisia,616,67,Algeria,615,"[0,612)"
886,73,Tunisia,616,213,Libya,620,"[0,612)"
887,78,Niger,436,74,Benin,434,"[0,612)"
888,78,Niger,436,67,Algeria,615,"[0,612)"
889,78,Niger,436,213,Libya,620,"[0,612)"
890,78,Niger,436,50,Mali,432,"[0,612)"
891,78,Niger,436,47,Burkina Faso,439,"[0,612)"
892,78,Niger,436,214,Chad,483,"[0,612)"
893,78,Niger,436,79,Nigeria,475,"[0,612)"
894,154,Botswana,571,192,South Africa,560,"[0,123)"
895,154,Botswana,571,157,Zambia,551,"[0,612)"
896,154,Botswana,571,163,South Africa,560,"[123,612)"
897,154,Botswana,571,170,Namibia,565,"[123,612)"
898,154,Botswana,571,158,Zimbabwe,552,"[0,612)"
899,158,Zimbabwe,552,192,South Africa,560,"[0,123)"
900,158,Zimbabwe,552,157,Zambia,551,"[0,612)"
901,158,Zimbabwe,552,162,Mozambique,541,"[0,612)"
902,158,Zimbabwe,552,163,South Africa,560,"[123,612)"
903,158,Zimbabwe,552,170,Namibia,565,"[123,612)"
904,158,Zimbabwe,552,154,Botswana,571,"[0,612)"
905,161,Malawi,553,236,Tanzania,510,"[0,193)"
906,161,Malawi,553,157,Zambia,551,"[0,612)"
907,161,Malawi,553,162,Mozambique,541,"[0,612)"
908,161,Malawi,553,242,Tanzania,510,"[194,612)"
909,169,Gabon,481,69,Cameroon,471,"[0,612)"
910,169,Gabon,481,166,Congo,484,"[0,612)"
911,169,Gabon,481,76,Equatorial Guinea,411,"[0,612)"
912,214,Chad,483,69,Cameroon,471,"[0,612)"
913,214,Chad,483,70,Central African Republic,482,"[0,612)"
914,214,Chad,483,59,Sudan,625,"[0,379)"
915,214,Chad,483,213,Libya,620,"[0,612)"
916,214,Chad,483,245,Sudan,625,"[379,612)"
917,214,Chad,483,78,Niger,436,"[0,612)"
918,214,Chad,483,79,Nigeria,475,"[0,612)"
919,237,Kenya,501,236,Tanzania,510,"[0,193)"
920,237,Kenya,501,120,Somalia,520,"[0,612)"
921,237,Kenya,501,242,Tanzania,510,"[194,612)"
922,237,Kenya,501,235,Uganda,500,"[0,612)"
923,237,Kenya,501,246,South Sudan,626,"[379,612)"
924,237,Kenya,501,59,Sudan,625,"[0,379)"
925,237,Kenya,501,191,Ethiopia,530,"[0,161)"
926,237,Kenya,501,57,Ethiopia,530,"[161,612)"
927,244,Mauritania,435,67,Algeria,615,"[0,612)"
928,244,Mauritania,435,243,Morocco,600,"[0,612)"
929,244,Mauritania,435,50,Mali,432,"[0,612)"
930,244,Mauritania,435,52,Senegal,433,"[0,612)"
931,246,South Sudan,626,70,Central African Republic,482,"[379,612)"
932,246,South Sudan,626,167,"Congo, DRC",490,"[379,612)"
933,246,South Sudan,626,235,Uganda,500,"[379,612)"
934,246,South Sudan,626,237,Kenya,501,"[379,612)"
935,246,South Sudan,626,245,Sudan,625,"[379,612)"
936,246,South Sudan,626,57,Ethiopia,530,"[379,612)"
